codigo,arquivo_final,nome_exercicio,grupo_muscular,estacao,prioridade
001,001-mergulho-em-banco.mp4,Mergulho em banco,Peso Corporal,Banco,normal
118,118-chop-meio-ajoelhado-tall-half-kneeling.mp4,Chop meio-ajoelhado (tall/half kneeling),Controle Motor,Cabo/Polia,ALTA
119,119-cross-over-polia-alta.mp4,Cross Over Polia Alta,peitoral,Cabo/Polia,ALTA
120,120-cross-over-polia-alta-3-porcoes.mp4,Cross Over Polia Alta 3 Porções,peitoral,Cabo/Polia,ALTA
121,121-extensao-de-quadril-em-diagonal-polia.mp4,Extensão de Quadril em Diagonal Polia,glúteo,Cabo/Polia,ALTA
122,122-puxada-neutra-polia.mp4,Puxada Neutra Polia,costas,Cabo/Polia,ALTA
123,123-puxada-pronada-polia.mp4,Puxada Pronada Polia,costas,Cabo/Polia,ALTA
124,124-rosca-inclinada-polia-barra.mp4,Rosca Inclinada Polia Barra,bíceps,Cabo/Polia,ALTA
125,125-triceps-frances-polia-corda.mp4,Tríceps Francês Polia Corda,tríceps,Cabo/Polia,ALTA
126,126-triceps-polia-barra.mp4,Tríceps Polia Barra,tríceps,Cabo/Polia,ALTA
127,127-abdominal-anti-rotacao-polia.mp4,Abdominal Anti Rotação Polia,abdômen,Cabo/Polia,normal
128,128-abdominal-anti-rotacao-polia-com-movimento.mp4,Abdominal Anti Rotação Polia Com Movimento,abdômen,Cabo/Polia,normal
129,129-abdominal-polia-alta-com-corda.mp4,Abdominal Polia Alta com Corda,abdômen,Cabo/Polia,normal
130,130-abducao-de-quadril-cruzada-polia.mp4,Abdução de Quadril Cruzada Polia,glúteo,Cabo/Polia,normal
131,131-abducao-de-quadril-polia.mp4,Abdução de Quadril Polia,glúteo,Cabo/Polia,normal
132,132-biset-rosca-direta-polia-rosca-invertida-polia.mp4,Biset Rosca Direta Polia + Rosca Invertida Polia,bíceps,Cabo/Polia,normal
133,133-biset-triceps-polia-inverso-polia-barra.mp4,Biset Tríceps Polia + Inverso Polia Barra,tríceps,Cabo/Polia,normal
134,134-biset-triceps-polia-testa-polia-barra.mp4,Biset Tríceps Polia + Testa Polia Barra,tríceps,Cabo/Polia,normal
135,135-biset-triceps-polia-testa-polia-corda.mp4,Biset Tríceps Polia + Testa Polia Corda,tríceps,Cabo/Polia,normal
136,136-cable-crunch-abdominal-na-polia.mp4,Cable crunch (abdominal na polia),Core,Cabo/Polia,normal
137,137-chop-polia-com-corda-core.mp4,Chop Polia com Corda (CORE),Musculação,Cabo/Polia,normal
138,138-coice-polia-baixa.mp4,Coice Polia Baixa,glúteo,Cabo/Polia,normal
139,139-coice-polia-media.mp4,Coice Polia Média,glúteo,Cabo/Polia,normal
140,140-crucifixo-invertido-cruzado-polia.mp4,Crucifixo Invertido Cruzado Polia,ombro,Cabo/Polia,normal
141,141-crucifixo-invertido-unilateral-polia.mp4,Crucifixo Invertido Unilateral Polia,ombro,Cabo/Polia,normal
142,142-elevacao-frontal-polia-barra.mp4,Elevação Frontal Polia Barra,ombro,Cabo/Polia,normal
143,143-elevacao-frontal-polia-corda.mp4,Elevação Frontal Polia Corda,ombro,Cabo/Polia,normal
144,144-elevacao-frontal-unilateral-polia.mp4,Elevação Frontal Unilateral Polia,ombro,Cabo/Polia,normal
145,145-elevacao-lateral-cruzada-polia.mp4,Elevação Lateral Cruzada Polia,ombro,Cabo/Polia,normal
146,146-elevacao-lateral-inclinada-polia.mp4,Elevação Lateral Inclinada Polia,ombro,Cabo/Polia,normal
147,147-elevacao-lateral-polia.mp4,Elevação Lateral Polia,ombro,Cabo/Polia,normal
148,148-extensao-de-punho-90-graus-polia-baixa.mp4,Extensão de Punho 90 Graus Polia Baixa,antebraço,Cabo/Polia,normal
149,149-extensao-de-quadril-cruzada-polia.mp4,Extensão de Quadril Cruzada Polia,glúteo,Cabo/Polia,normal
150,150-face-pull-polia-alta.mp4,Face Pull Polia Alta,ombro,Cabo/Polia,normal
151,151-fisio-ombro-face-pull.mp4,Fisio Ombro: face pull,Fisioterapia,Cabo/Polia,normal
152,152-flexao-de-punho-90-graus-polia-baixa.mp4,Flexão de Punho 90 graus Polia Baixa,antebraço,Cabo/Polia,normal
153,153-flexao-de-punho-com-a-polia-atras.mp4,Flexão de Punho com a Polia Atrás,antebraço,Cabo/Polia,normal
154,154-flexao-de-punho-polia-baixa.mp4,Flexão de Punho Polia Baixa,antebraço,Cabo/Polia,normal
155,155-flexao-de-punho-unilateral-polia-alta.mp4,Flexão de Punho Unilateral Polia Alta,antebraço,Cabo/Polia,normal
156,156-gluteo-coice-polia-banco.mp4,Glúteo Coice Polia Banco,glúteo,Cabo/Polia,normal
157,157-gluteo-polia-alta.mp4,Glúteo Polia Alta,glúteo,Cabo/Polia,normal
158,158-gluteo-semiflexionado-polia.mp4,Glúteo Semiflexionado Polia,glúteo,Cabo/Polia,normal
159,159-gluteo-semiflexionado-polia-banco.mp4,Glúteo Semiflexionado Polia Banco,glúteo,Cabo/Polia,normal
160,160-lift-meio-ajoelhado.mp4,Lift meio-ajoelhado,Controle Motor,Cabo/Polia,normal
161,161-pallof-press-com-passada.mp4,Pallof press com passada,Core,Cabo/Polia,normal
162,162-pallof-press-isometrico.mp4,Pallof press isométrico,Core,Cabo/Polia,normal
163,163-pallof-press-na-polia.mp4,Pallof press na polia,Core,Cabo/Polia,normal
164,164-press-anti-rotacao-meio-ajoelhado.mp4,Press anti-rotação meio-ajoelhado,Core,Cabo/Polia,normal
165,165-rdl-polia.mp4,RDL Polia,posterior de coxa,Cabo/Polia,normal
166,166-remada-alta-polia.mp4,Remada Alta Polia,ombro,Cabo/Polia,normal
167,167-remada-polia-alta.mp4,Remada Polia Alta,costas,Cabo/Polia,normal
168,168-remada-polia-alta-unilateral.mp4,Remada Polia Alta Unilateral,costas,Cabo/Polia,normal
169,169-remada-polia-media-barra.mp4,Remada Polia Média Barra,costas,Cabo/Polia,normal
170,170-remada-polia-media-corda.mp4,Remada Polia Média Corda,costas,Cabo/Polia,normal
171,171-remada-polia-media-unilateral.mp4,Remada Polia Média Unilateral,costas,Cabo/Polia,normal
172,172-remada-polia-media-unilateral-com-giro.mp4,Remada Polia Média Unilateral com Giro,costas,Cabo/Polia,normal
173,173-rosca-direta-polia-barra.mp4,Rosca Direta Polia Barra,bíceps,Cabo/Polia,normal
174,174-rosca-direta-polia-corda.mp4,Rosca Direta Polia Corda,bíceps,Cabo/Polia,normal
175,175-rosca-em-hiperextensao-de-ombro-polia.mp4,Rosca em Hiperextensão de Ombro Polia,bíceps,Cabo/Polia,normal
176,176-rosca-inversa-polia-barra.mp4,Rosca Inversa Polia Barra,bíceps,Cabo/Polia,normal
177,177-rosca-unilateral-cross-polia-alta.mp4,Rosca Unilateral Cross Polia Alta,bíceps,Cabo/Polia,normal
178,178-rotacao-tronco-polia-baixa.mp4,Rotação Tronco Polia Baixa,Funcional,Cabo/Polia,normal
179,179-stiff-polia.mp4,Stiff Polia,posterior de coxa,Cabo/Polia,normal
180,180-triset-antebraco-polia.mp4,Triset Antebraço Polia,antebraço,Cabo/Polia,normal
181,181-triceps-abducao-horizontal-unilateral-polia.mp4,Tríceps Abdução Horizontal Unilateral Polia,tríceps,Cabo/Polia,normal
182,182-triceps-frances-polia-barra.mp4,Tríceps Francês polia barra,tríceps,Cabo/Polia,normal
183,183-triceps-inverso-polia.mp4,Tríceps Inverso Polia,tríceps,Cabo/Polia,normal
184,184-triceps-polia-corda.mp4,Tríceps Polia Corda,tríceps,Cabo/Polia,normal
185,185-triceps-testa-polia-barra.mp4,Tríceps Testa Polia Barra,tríceps,Cabo/Polia,normal
186,186-triceps-testa-polia-corda.mp4,Tríceps Testa Polia Corda,tríceps,Cabo/Polia,normal
187,187-triceps-unilateral-cruzado-polia.mp4,Tríceps Unilateral Cruzado Polia,tríceps,Cabo/Polia,normal
188,188-triceps-unilateral-polia.mp4,Tríceps Unilateral Polia,tríceps,Cabo/Polia,normal
189,189-woodchop-alto-baixo-na-polia.mp4,Woodchop alto-baixo na polia,Core,Cabo/Polia,normal
190,190-woodchop-baixo-alto-na-polia.mp4,Woodchop baixo-alto na polia,Core,Cabo/Polia,normal
191,191-y-na-polia.mp4,Y na Polia,ombro,Cabo/Polia,normal
232,232-agachamento-no-disco-de-equilibrio.mp4,Agachamento no disco de equilíbrio,Estabilidade,Disco De Equilíbrio,normal
380,380-goblet-squat.mp4,Goblet squat,Funcional,Kettlebell,normal
381,381-kb-swing.mp4,KB Swing,Musculação,Kettlebell,normal
382,382-kettlebell-clean.mp4,Kettlebell clean,Funcional,Kettlebell,normal
383,383-kettlebell-snatch.mp4,Kettlebell snatch,Funcional,Kettlebell,normal
384,384-kettlebell-swing.mp4,Kettlebell swing,Funcional,Kettlebell,normal
385,385-thruster-com-kb-unilateral.mp4,Thruster com KB Unilateral,Musculação,Kettlebell,normal
386,386-turkish-get-up.mp4,Turkish get-up,Funcional,Kettlebell,normal
695,695-elevacao-pelvica-maquina.mp4,Elevação Pélvica Máquina,glúteo,Máquina,ALTA
696,696-elevacao-pelvica-unilateral-maquina.mp4,Elevação Pélvica Unilateral Máquina,glúteo,Máquina,ALTA
697,697-extensao-de-quadril-banco-romano-com-flexao.mp4,Extensão de Quadril Banco Romano com Flexão,glúteo,Máquina,ALTA
698,698-fisio-joelho-cadeira-extensora-lenta-hsr.mp4,Fisio Joelho: cadeira extensora lenta (HSR),Fisioterapia,Máquina,ALTA
699,699-fisio-tendao-patelar-hsr-cadeira-extensora-3s-3s.mp4,Fisio Tendão patelar: HSR cadeira extensora (3s/3s),Fisioterapia,Máquina,ALTA
700,700-leg-press-45-unilateral.mp4,Leg Press 45 Unilateral,quadríceps,Máquina,ALTA
701,701-leg-press-horizontal.mp4,Leg Press Horizontal,quadríceps,Máquina,ALTA
702,702-abdominal-infra-maquina.mp4,Abdominal Infra Máquina,abdômen,Máquina,normal
703,703-abdominal-maquina.mp4,Abdominal Máquina,abdômen,Máquina,normal
704,704-bom-dia-maquina.mp4,Bom Dia Máquina,posterior de coxa,Máquina,normal
705,705-desenvolvimento-maquina.mp4,Desenvolvimento Máquina,ombro,Máquina,normal
706,706-desenvolvimento-neutro-maquina.mp4,Desenvolvimento Neutro Máquina,ombro,Máquina,normal
707,707-elevacao-lateral-maquina.mp4,Elevação Lateral Máquina,ombro,Máquina,normal
708,708-extensao-de-quadril-banco-romano.mp4,Extensão de Quadril Banco Romano,glúteo,Máquina,normal
709,709-extensao-de-quadril-banco-romano-unilateral.mp4,Extensão de Quadril Banco Romano Unilateral,glúteo,Máquina,normal
710,710-extensao-de-quadril-maquina.mp4,Extensão de Quadril Máquina,glúteo,Máquina,normal
711,711-extensao-de-quadril-no-banco-romano.mp4,Extensão de quadril no Banco Romano,Quadríceps,Máquina,normal
712,712-leg-press-45.mp4,Leg Press 45,quadríceps,Máquina,normal
713,713-leg-press-deitado.mp4,Leg Press Deitado,quadríceps,Máquina,normal
714,714-leg-press-horizontal-unilateral.mp4,Leg Press Horizontal Unilateral,quadríceps,Máquina,normal
715,715-leg-press-unilateral-placas-separadas.mp4,Leg Press Unilateral Placas Separadas,quadríceps,Máquina,normal
716,716-panturrilha-em-pe-maquina.mp4,Panturrilha em Pé Máquina,panturrilha,Máquina,normal
717,717-panturrilha-sentado-maquina.mp4,Panturrilha Sentado Máquina,panturrilha,Máquina,normal
718,718-puxada-pronada-maquina.mp4,Puxada Pronada Máquina,costas,Máquina,normal
719,719-puxada-supinada-maquina.mp4,Puxada Supinada Máquina,costas,Máquina,normal
720,720-puxada-supinada-unilateral-maquina.mp4,Puxada Supinada Unilateral Máquina,costas,Máquina,normal
721,721-remada-alta-maquina.mp4,Remada Alta Máquina,ombro,Máquina,normal
722,722-remada-cavalinho-maquina-neutra.mp4,Remada Cavalinho Máquina Neutra,costas,Máquina,normal
723,723-remada-neutra-unilateral-maquina.mp4,Remada Neutra Unilateral Máquina,costas,Máquina,normal
724,724-remada-pronada-maquina.mp4,Remada Pronada Máquina,costas,Máquina,normal
725,725-remada-supinada-maquina.mp4,Remada Supinada Máquina,costas,Máquina,normal
726,726-remada-supinada-unilateral-maquina.mp4,Remada Supinada Unilateral Máquina,costas,Máquina,normal
727,727-rosca-scott-maquina.mp4,Rosca Scott Máquina,bíceps,Máquina,normal
728,728-supino-declinado-maquina.mp4,Supino Declinado Máquina,peitoral,Máquina,normal
729,729-supino-inclinado-maquina.mp4,Supino Inclinado Máquina,peitoral,Máquina,normal
730,730-supino-reto-maquina.mp4,Supino Reto Máquina,peitoral,Máquina,normal
731,731-triceps-paralela-maquina.mp4,Tríceps Paralela Máquina,tríceps,Máquina,normal
733,733-a-bounds-skip-saltado.mp4,A-bounds (skip saltado),Performance,Peso Corporal,ALTA
734,734-abdominal-infra-solo.mp4,Abdominal Infra Solo,abdômen,Peso Corporal,ALTA
735,735-abdominal-infra-suspenso-com-rotacao.mp4,Abdominal Infra Suspenso com Rotação,abdômen,Peso Corporal,ALTA
736,736-afundo-peso-corporal.mp4,Afundo (peso corporal),Peso Corporal,Peso Corporal,ALTA
737,737-airplane-aviao-quadril.mp4,Airplane (avião - quadril),Estabilidade,Peso Corporal,ALTA
738,738-ankle-stiffness-hops-rigidez-de-tornozelo.mp4,Ankle stiffness hops (rigidez de tornozelo),Performance,Peso Corporal,ALTA
739,739-apoio-em-tandem-pe-ante-pe.mp4,Apoio em tandem (pé-ante-pé),Estabilidade,Peso Corporal,ALTA
740,740-apoio-unipodal-single-leg-stance.mp4,Apoio unipodal (single-leg stance),Estabilidade,Peso Corporal,ALTA
741,741-aterrissagem-lateral-e-estabiliza.mp4,Aterrissagem lateral e estabiliza,Performance,Peso Corporal,ALTA
742,742-aterrissagem-rotacional-e-estabiliza.mp4,Aterrissagem rotacional e estabiliza,Performance,Peso Corporal,ALTA
743,743-bird-dog.mp4,Bird dog,Controle Motor,Peso Corporal,ALTA
744,744-bird-dog.mp4,Bird dog,Core,Peso Corporal,ALTA
745,745-bounding-passadas-saltadas.mp4,Bounding (passadas saltadas),Pliometria,Peso Corporal,ALTA
746,746-broad-jump-para-salto-vertical.mp4,Broad jump para salto vertical,Pliometria,Peso Corporal,ALTA
747,747-fisio-cervical-chin-tuck-retracao-cervical.mp4,Fisio Cervical: chin tuck (retração cervical),Fisioterapia,Peso Corporal,ALTA
748,748-fisio-joelho-agachamento-declinado-unipodal-lento.mp4,Fisio Joelho: agachamento declinado unipodal lento,Fisioterapia,Peso Corporal,ALTA
749,749-fisio-joelho-agachamento-isometrico-carga-estatica.mp4,Fisio Joelho: agachamento isométrico (carga estática),Fisioterapia,Peso Corporal,ALTA
750,750-fisio-ombro-deslizamento-na-parede-wall-slide.mp4,Fisio Ombro: deslizamento na parede (wall slide),Fisioterapia,Peso Corporal,ALTA
751,751-fisio-ombro-prone-y-t-w-l.mp4,Fisio Ombro: Prone Y-T-W-L,Fisioterapia,Peso Corporal,ALTA
752,752-fisio-ombro-serratus-punch.mp4,Fisio Ombro: serratus punch,Fisioterapia,Peso Corporal,ALTA
753,753-fisio-quadril-ponte-de-gluteo-isometrica.mp4,Fisio Quadril: ponte de glúteo isométrica,Fisioterapia,Peso Corporal,ALTA
754,754-fisio-tornozelo-heel-drop-excentrico-alfredson.mp4,Fisio Tornozelo: heel drop excêntrico (Alfredson),Fisioterapia,Peso Corporal,ALTA
755,755-fisio-tornozelo-hop-and-stick-resposta-a-carga.mp4,Fisio Tornozelo: hop and stick (resposta a carga),Fisioterapia,Peso Corporal,ALTA
756,756-fisio-tornozelo-panturrilha-com-joelho-fletido-soleo.mp4,Fisio Tornozelo: panturrilha com joelho fletido (sóleo),Fisioterapia,Peso Corporal,ALTA
757,757-fisio-tornozelo-panturrilha-excentrica-no-step.mp4,Fisio Tornozelo: panturrilha excêntrica no step,Fisioterapia,Peso Corporal,ALTA
758,758-hops-reativos-unipodais.mp4,Hops reativos unipodais,Performance,Peso Corporal,ALTA
759,759-prancha-empurrar-puxar.mp4,Prancha Empurrar / Puxar,Funcional,Peso Corporal,ALTA
760,760-prancha-frontal.mp4,Prancha Frontal,abdômen,Peso Corporal,ALTA
761,761-prancha-frontal.mp4,Prancha frontal,Core,Peso Corporal,ALTA
762,762-saltos-no-lugar-controle-de-aterrissagem.mp4,Saltos no lugar (controle de aterrissagem),Pliometria,Peso Corporal,ALTA
763,763-saltos-reativos-continuos-repeated-hops.mp4,Saltos reativos contínuos (repeated hops),Performance,Peso Corporal,ALTA
764,764-scapular-push-up-push-up-plus.mp4,Scapular push-up (push-up plus),Ativação,Peso Corporal,ALTA
765,765-scissor-jumps-tesoura.mp4,Scissor jumps (tesoura),Pliometria,Peso Corporal,ALTA
766,766-sissy-squat.mp4,Sissy squat,Peso Corporal,Peso Corporal,ALTA
767,767-snap-down-desaceleracao-rapida.mp4,Snap down (desaceleração rápida),Performance,Peso Corporal,ALTA
768,768-split-jump-afundo-saltado.mp4,Split jump (afundo saltado),Pliometria,Peso Corporal,ALTA
769,769-tuck-jumps-continuos-reativos.mp4,Tuck jumps contínuos reativos,Performance,Peso Corporal,ALTA
770,770-wall-drive-3-contatos.mp4,Wall drive 3 contatos,Performance,Peso Corporal,ALTA
771,771-wall-drive-isometrico-posicao-de-aceleracao.mp4,Wall drive isométrico (posição de aceleração),Performance,Peso Corporal,ALTA
772,772-90-90-hip-switch.mp4,90/90 hip switch,Mobilidade,Peso Corporal,normal
773,773-abdominal-canivete.mp4,Abdominal Canivete,abdômen,Peso Corporal,normal
774,774-abdominal-canivete-alternado.mp4,Abdominal Canivete Alternado,abdômen,Peso Corporal,normal
775,775-abdominal-canoa.mp4,Abdominal Canoa,abdômen,Peso Corporal,normal
776,776-abdominal-infra-banco-declinado.mp4,Abdominal Infra Banco Declinado,abdômen,Peso Corporal,normal
777,777-abdominal-infra-suspenso.mp4,Abdominal Infra Suspenso,abdômen,Peso Corporal,normal
778,778-abdominal-remador.mp4,Abdominal Remador,abdômen,Peso Corporal,normal
779,779-abdominal-rodinha.mp4,Abdominal Rodinha,abdômen,Peso Corporal,normal
780,780-abdominal-supra-banco-declinado.mp4,Abdominal Supra Banco Declinado,abdômen,Peso Corporal,normal
781,781-abdominal-supra-bola.mp4,Abdominal Supra Bola,abdômen,Peso Corporal,normal
782,782-abdominal-supra-solo.mp4,Abdominal Supra Solo,abdômen,Peso Corporal,normal
783,783-abdominal-tesoura.mp4,Abdominal Tesoura,abdômen,Peso Corporal,normal
784,784-abducao-de-quadril-em-prancha-lateral.mp4,Abdução de Quadril em Prancha Lateral,glúteo,Peso Corporal,normal
785,785-abducao-em-prancha-lateral-c-joelhos-flexionados.mp4,Abdução em Prancha Lateral c/ Joelhos Flexionados,Quadríceps,Peso Corporal,normal
786,786-abducao-uni-em-prancha-lateral.mp4,Abdução Uni em Prancha lateral,Musculação,Peso Corporal,normal
787,787-agachamento-livre-air-squat.mp4,Agachamento livre (air squat),Peso Corporal,Peso Corporal,normal
788,788-agachamento-profundo-isometrico-deep-squat-hold.mp4,Agachamento profundo isométrico (deep squat hold),Mobilidade,Peso Corporal,normal
789,789-alcance-unipodal-y-balance.mp4,Alcance unipodal (Y-balance),Estabilidade,Peso Corporal,normal
790,790-ankle-hops-saltos-de-tornozelo.mp4,Ankle hops (saltos de tornozelo),Pliometria,Peso Corporal,normal
791,791-apoio-unipodal-olhos-fechados.mp4,Apoio unipodal olhos fechados,Estabilidade,Peso Corporal,normal
792,792-aterrissagem-unipodal-single-leg-landing.mp4,Aterrissagem unipodal (single-leg landing),Pliometria,Peso Corporal,normal
793,793-bear-crawl.mp4,Bear crawl,Funcional,Peso Corporal,normal
794,794-bicycle-crunch.mp4,Bicycle crunch,Core,Peso Corporal,normal
795,795-bird-dog-com-remada.mp4,Bird Dog com Remada,Funcional,Peso Corporal,normal
796,796-bird-dog-de-ativacao.mp4,Bird dog de ativação,Ativação,Peso Corporal,normal
797,797-biset-prancha-frontal-lateral.mp4,Biset Prancha Frontal + Lateral,abdômen,Peso Corporal,normal
798,798-body-saw-na-prancha.mp4,Body saw na prancha,Core,Peso Corporal,normal
799,799-bound-lateral-salto-lateral-de-propulsao.mp4,Bound lateral (salto lateral de propulsão),Performance,Peso Corporal,normal
800,800-bound-unipodal-single-leg-bound.mp4,Bound unipodal (single-leg bound),Performance,Peso Corporal,normal
801,801-bounding-alternado-passadas-saltadas-longas.mp4,Bounding alternado (passadas saltadas longas),Performance,Peso Corporal,normal
802,802-broad-jump-salto-horizontal.mp4,Broad jump (salto horizontal),Pliometria,Peso Corporal,normal
803,803-burpee.mp4,Burpee,Funcional,Peso Corporal,normal
804,804-cars-de-ombro.mp4,CARs de ombro,Mobilidade,Peso Corporal,normal
805,805-cars-de-quadril.mp4,CARs de quadril,Mobilidade,Peso Corporal,normal
806,806-cars-de-tornozelo.mp4,CARs de tornozelo,Mobilidade,Peso Corporal,normal
807,807-cat-camel-gato-camelo.mp4,Cat-camel (gato-camelo),Controle Motor,Peso Corporal,normal
808,808-copenhagen-plank.mp4,Copenhagen plank,Core,Peso Corporal,normal
809,809-core-combinado.mp4,CORE ( combinado ),Musculação,Peso Corporal,normal
810,810-cossack-squat.mp4,Cossack squat,Mobilidade,Peso Corporal,normal
811,811-couch-stretch-alongamento-de-quadril.mp4,Couch stretch (alongamento de quadril),Mobilidade,Peso Corporal,normal
812,812-countermovement-jump-cmj.mp4,Countermovement jump (CMJ),Pliometria,Peso Corporal,normal
813,813-crab-walk.mp4,Crab walk,Funcional,Peso Corporal,normal
814,814-crucifixo-unilateral-em-prancha-lateral-em-abducao.mp4,Crucifixo Unilateral em Prancha Lateral em Abdução,Musculação,Peso Corporal,normal
815,815-dead-bug.mp4,Dead bug,Controle Motor,Peso Corporal,normal
816,816-dead-bug.mp4,Dead bug,Core,Peso Corporal,normal
817,817-dead-bug-de-ativacao.mp4,Dead bug de ativação,Ativação,Peso Corporal,normal
818,818-falling-start-sprint-queda-e-arranque.mp4,Falling start sprint (queda e arranque),Performance,Peso Corporal,normal
819,819-fisio-cervical-chin-tuck-isometrico-deitado.mp4,Fisio Cervical: chin tuck isométrico deitado,Fisioterapia,Peso Corporal,normal
820,820-fisio-cervical-flexores-profundos-do-pescoco.mp4,Fisio Cervical: flexores profundos do pescoço,Fisioterapia,Peso Corporal,normal
821,821-fisio-cervical-rotacao-com-auto-resistencia.mp4,Fisio Cervical: rotação com auto-resistência,Fisioterapia,Peso Corporal,normal
822,822-fisio-joelho-controle-excentrico-de-quadriceps-step-down-len.mp4,Fisio Joelho: controle excêntrico de quadríceps (step-down lento),Fisioterapia,Peso Corporal,normal
823,823-fisio-joelho-wall-sit-isometrico.mp4,Fisio Joelho: wall sit isométrico,Fisioterapia,Peso Corporal,normal
824,824-fisio-lombar-bird-dog.mp4,Fisio Lombar: bird dog,Fisioterapia,Peso Corporal,normal
825,825-fisio-lombar-extensao-lombar-sorensen-isometrico.mp4,Fisio Lombar: extensão lombar (Sorensen isométrico),Fisioterapia,Peso Corporal,normal
826,826-fisio-lombar-mcgill-curl-up.mp4,Fisio Lombar: McGill curl-up,Fisioterapia,Peso Corporal,normal
827,827-fisio-lombar-prancha-lateral.mp4,Fisio Lombar: prancha lateral,Fisioterapia,Peso Corporal,normal
828,828-fisio-lombar-reverse-hyper.mp4,Fisio Lombar: reverse hyper,Fisioterapia,Peso Corporal,normal
829,829-fisio-ombro-sleeper-stretch.mp4,Fisio Ombro: sleeper stretch,Fisioterapia,Peso Corporal,normal
830,830-fisio-posterior-nordic-hamstring-excentrico.mp4,Fisio Posterior: nordic hamstring excêntrico,Fisioterapia,Peso Corporal,normal
831,831-fisio-posterior-ponte-de-isquiotibiais-isometrica.mp4,Fisio Posterior: ponte de isquiotibiais isométrica,Fisioterapia,Peso Corporal,normal
832,832-fisio-posterior-razor-curl.mp4,Fisio Posterior: razor curl,Fisioterapia,Peso Corporal,normal
833,833-fisio-quadril-copenhagen-adductor-progressoes.mp4,Fisio Quadril: Copenhagen adductor (progressões),Fisioterapia,Peso Corporal,normal
834,834-fisio-tendao-de-aquiles-hsr-panturrilha-lenta.mp4,Fisio Tendão de Aquiles: HSR panturrilha lenta,Fisioterapia,Peso Corporal,normal
835,835-fisio-tendao-de-aquiles-isometrico-em-ponta-de-pe.mp4,Fisio Tendão de Aquiles: isométrico em ponta de pé,Fisioterapia,Peso Corporal,normal
836,836-fisio-tornozelo-equilibrio-unipodal-progressivo.mp4,Fisio Tornozelo: equilíbrio unipodal progressivo,Fisioterapia,Peso Corporal,normal
837,837-flexao-arqueiro.mp4,Flexão arqueiro,Peso Corporal,Peso Corporal,normal
838,838-flexao-de-braco.mp4,Flexão de braço,Peso Corporal,Peso Corporal,normal
839,839-flexao-de-quadril-alternada-em-isometria-de-ponte.mp4,Flexão de Quadril Alternada em Isometria de Ponte,Quadríceps,Peso Corporal,normal
840,840-flexao-de-quadril-em-ponte-core.mp4,Flexão de Quadril em ponte ( core ),Musculação,Peso Corporal,normal
841,841-flexao-declinada.mp4,Flexão declinada,Peso Corporal,Peso Corporal,normal
842,842-flexao-diamante.mp4,Flexão diamante,Peso Corporal,Peso Corporal,normal
843,843-flexao-parada-de-mao-na-parede.mp4,Flexão parada de mão na parede,Peso Corporal,Peso Corporal,normal
844,844-flexao-pliometrica-clap-push-up.mp4,Flexão pliométrica (clap push-up),Pliometria,Peso Corporal,normal
845,845-flutter-kicks.mp4,Flutter kicks,Core,Peso Corporal,normal
846,846-hanging-knee-raise.mp4,Hanging knee raise,Core,Peso Corporal,normal
847,847-hanging-leg-raise.mp4,Hanging leg raise,Core,Peso Corporal,normal
848,848-hip-airplane.mp4,Hip airplane,Controle Motor,Peso Corporal,normal
849,849-hollow-hold.mp4,Hollow hold,Core,Peso Corporal,normal
850,850-hollow-rock.mp4,Hollow rock,Core,Peso Corporal,normal
851,851-l-sit.mp4,L-sit,Core,Peso Corporal,normal
852,852-mcgill-curl-up.mp4,McGill curl-up,Core,Peso Corporal,normal
853,853-mobilidade-de-punho-4-direcoes.mp4,Mobilidade de punho (4 direções),Mobilidade,Peso Corporal,normal
854,854-mobilidade-de-tornozelo-na-parede-knee-to-wall.mp4,Mobilidade de tornozelo na parede (knee-to-wall),Mobilidade,Peso Corporal,normal
855,855-mountain-climbers.mp4,Mountain climbers,Core,Peso Corporal,normal
856,856-open-book-rotacao-toracica-deitado.mp4,Open book (rotação torácica deitado),Mobilidade,Peso Corporal,normal
857,857-pike-push-up.mp4,Pike push-up,Peso Corporal,Peso Corporal,normal
858,858-pistol-squat.mp4,Pistol squat,Peso Corporal,Peso Corporal,normal
859,859-pogo-jumps-saltinhos-no-lugar.mp4,Pogo jumps (saltinhos no lugar),Pliometria,Peso Corporal,normal
860,860-pogo-unipodal.mp4,Pogo unipodal,Pliometria,Peso Corporal,normal
861,861-pombo-pigeon.mp4,Pombo (pigeon),Mobilidade,Peso Corporal,normal
862,862-ponte-de-gluteo.mp4,Ponte de glúteo,Peso Corporal,Peso Corporal,normal
863,863-ponte-de-gluteo-unilateral.mp4,Ponte de glúteo unilateral,Peso Corporal,Peso Corporal,normal
864,864-ponte-glutea.mp4,Ponte Glútea,glúteo,Peso Corporal,normal
865,865-power-skip-skip-de-altura-distancia.mp4,Power skip (skip de altura/distância),Performance,Peso Corporal,normal
866,866-prancha-cocoras.mp4,Prancha + Cócoras,Musculação,Peso Corporal,normal
867,867-prancha-alta.mp4,Prancha Alta,abdômen,Peso Corporal,normal
868,868-prancha-alta-cadeia-cruzada-core.mp4,Prancha alta (Cadeia cruzada - Core),Musculação,Peso Corporal,normal
869,869-prancha-alta-com-flexao-de-quadril-e-joelho-na-bola.mp4,Prancha Alta com Flexão de Quadril e Joelho na Bola,abdômen,Peso Corporal,normal
870,870-prancha-bola.mp4,Prancha Bola,abdômen,Peso Corporal,normal
871,871-prancha-bola-com-movimento-frente-e-tras.mp4,Prancha Bola com Movimento Frente e Trás,abdômen,Peso Corporal,normal
872,872-prancha-com-ativacao-de-serratil.mp4,Prancha com Ativação de Serrátil,abdômen,Peso Corporal,normal
873,873-prancha-com-extensao-de-quadril-alternada.mp4,Prancha com Extensão de Quadril Alternada,abdômen,Peso Corporal,normal
874,874-prancha-com-extensao-de-quadril-unilateral.mp4,Prancha com Extensão de Quadril Unilateral,abdômen,Peso Corporal,normal
875,875-prancha-com-toque-de-ombro.mp4,Prancha com toque de ombro,Core,Peso Corporal,normal
876,876-prancha-de-copenhagen.mp4,Prancha de Copenhagen,adutores,Peso Corporal,normal
877,877-prancha-de-copenhagen-dinamica.mp4,Prancha de Copenhagen Dinâmica,adutores,Peso Corporal,normal
878,878-prancha-de-copenhagen-flexionada.mp4,Prancha de Copenhagen Flexionada,adutores,Peso Corporal,normal
879,879-prancha-inversa.mp4,Prancha inversa,Musculação,Peso Corporal,normal
880,880-prancha-inversa-flexao-de-quadril-alternada.mp4,Prancha inversa + flexão de quadril alternada,Musculação,Peso Corporal,normal
881,881-prancha-lateral.mp4,Prancha Lateral,abdômen,Peso Corporal,normal
882,882-prancha-lateral.mp4,Prancha lateral,Core,Peso Corporal,normal
883,883-prancha-lateral-abducao-isometrica.mp4,Prancha Lateral + Abdução Isométrica,Musculação,Peso Corporal,normal
884,884-prancha-lateral-ostrinha.mp4,Prancha lateral + Ostrinha,Musculação,Peso Corporal,normal
885,885-prancha-lateral-pressao-na-bola.mp4,Prancha Lateral + pressão na Bola,Musculação,Peso Corporal,normal
886,886-prancha-lateral-com-abducao-de-quadril-isometrica.mp4,Prancha Lateral com Abdução de Quadril Isométrica,abdômen,Peso Corporal,normal
887,887-prancha-lateral-com-elevacao-de-quadril.mp4,Prancha lateral com elevação de quadril,Core,Peso Corporal,normal
888,888-prancha-lateral-com-rotacao-toracica.mp4,Prancha Lateral com Rotação Torácica,abdômen,Peso Corporal,normal
889,889-prancha-lateral-em-abducao-isometrica-c-calcanhares-unidos.mp4,Prancha Lateral em Abdução Isométrica c/ Calcanhares Unidos,Quadríceps,Peso Corporal,normal
890,890-prancha-na-bola-mexendo-caldeirao.mp4,Prancha na Bola Mexendo Caldeirão,abdômen,Peso Corporal,normal
891,891-prancha-toque-de-ombros-cruzado.mp4,Prancha Toque de Ombros Cruzado,abdômen,Peso Corporal,normal
892,892-prancha-up-down-antebraco-mao.mp4,Prancha up-down (antebraço-mão),Core,Peso Corporal,normal
893,893-quadruped-rock-back.mp4,Quadruped rock back,Controle Motor,Peso Corporal,normal
894,894-reverse-crunch.mp4,Reverse crunch,Core,Peso Corporal,normal
895,895-rolamento-segmentar-segmental-rolling.mp4,Rolamento segmentar (segmental rolling),Controle Motor,Peso Corporal,normal
896,896-rotacao-toracica-quadrupede.mp4,Rotação torácica quadrupede,Mobilidade,Peso Corporal,normal
897,897-russian-twist.mp4,Russian twist,Core,Peso Corporal,normal
898,898-salto-e-estabiliza-unipodal-hop-and-stick.mp4,Salto e estabiliza unipodal (hop and stick),Estabilidade,Peso Corporal,normal
899,899-salto-horizontal-e-estabiliza-broad-jump-to-stick.mp4,Salto horizontal e estabiliza (broad jump to stick),Performance,Peso Corporal,normal
900,900-salto-horizontal-reativo-broad-jump-rebote.mp4,Salto horizontal reativo (broad jump rebote),Performance,Peso Corporal,normal
901,901-salto-lateral-lateral-bound.mp4,Salto lateral (lateral bound),Pliometria,Peso Corporal,normal
902,902-saltos-reativos-laterais.mp4,Saltos reativos laterais,Performance,Peso Corporal,normal
903,903-saltos-unipodais-para-frente-progressao.mp4,Saltos unipodais para frente (progressão),Pliometria,Peso Corporal,normal
904,904-skater-jumps-saltos-de-patinador.mp4,Skater jumps (saltos de patinador),Pliometria,Peso Corporal,normal
905,905-skipping-alto.mp4,Skipping alto,Pliometria,Peso Corporal,normal
906,906-spiderman-lunge-com-rotacao.mp4,Spiderman lunge com rotação,Mobilidade,Peso Corporal,normal
907,907-squat-jump-salto-agachado.mp4,Squat jump (salto agachado),Pliometria,Peso Corporal,normal
908,908-toe-taps-deitado-core-control.mp4,Toe taps deitado (core control),Controle Motor,Peso Corporal,normal
909,909-toes-to-bar.mp4,Toes to bar,Core,Peso Corporal,normal
910,910-triple-extension-drill-triplice-extensao.mp4,Triple extension drill (tríplice extensão),Performance,Peso Corporal,normal
911,911-tuck-jump-joelhos-ao-peito.mp4,Tuck jump (joelhos ao peito),Pliometria,Peso Corporal,normal
912,912-v-up.mp4,V-up,Core,Peso Corporal,normal
913,913-wall-ankling-tornozelo-na-parede.mp4,Wall ankling (tornozelo na parede),Performance,Peso Corporal,normal
914,914-wall-drive-continuo-rapido.mp4,Wall drive contínuo (rápido),Performance,Peso Corporal,normal
915,915-wall-drive-duplo-2-trocas.mp4,Wall drive duplo (2 trocas),Performance,Peso Corporal,normal
916,916-wall-drive-marcha-1-troca.mp4,Wall drive marcha (1 troca),Performance,Peso Corporal,normal
917,917-wall-slide-controle-escapular.mp4,Wall slide (controle escapular),Controle Motor,Peso Corporal,normal
918,918-wall-slides-deslizar-na-parede.mp4,Wall slides (deslizar na parede),Ativação,Peso Corporal,normal
919,919-worlds-greatest-stretch.mp4,Worlds greatest stretch,Mobilidade,Peso Corporal,normal
920,920-ab-wheel-rollout.mp4,Ab wheel rollout,Core,Roda Abdominal,normal
926,926-fisio-punho-wrist-roller-enrolar-carga.mp4,Fisio Punho: wrist roller (enrolar carga),Fisioterapia,Wrist Roller,ALTA
