"cluster_id","youtube_video_id","exercise_id","exercise_name","media_review_status","decision","reviewer_name","reviewed_at","evidence"
"yt-001","_R0WfsTJI98","2f419825-0522-4400-9753-1c19673f90f9","Salto c/ contramovimento ( plio )","needs_review","","","",""
"yt-001","_R0WfsTJI98","db6b26b0-30b7-4143-8155-2212d2f45280","Salto Vertical Continuo Halteres ( plio )","needs_review","","","",""
"yt-002","1satDE63Bwc","a5d763eb-d779-49bc-acd4-665438ab4e01","Ponte de glúteo","needs_review","","","",""
"yt-002","1satDE63Bwc","e1a9fb5d-eb21-4a17-9694-75bcf9fc8a12","Elevação de Quadril Unilateral solo","needs_review","","","",""
"yt-003","1X2aa0gs0A0","8c666a93-0716-493d-a299-2b2afc9f0f51","Educativo Estabilidade ( rigidez de tornozelo )","needs_review","","","",""
"yt-003","1X2aa0gs0A0","a49a288e-8fec-4318-a1ec-c86d25d99621","Rigidez de Tornozelo elevação ( estabilidade)","needs_review","","","",""
"yt-004","34et7-v21vw","83aeb5e9-935b-4419-9e11-2192f9ed1794","Encolhimento Smith","needs_review","","","",""
"yt-004","34et7-v21vw","c4343ec8-b13c-4ecb-9d18-2aba9b6f74dc","Encolhimento Inclinado Smith","needs_review","","","",""
"yt-005","3vl3D0tk1tQ","5dd42590-3103-4a4d-8716-bcbba23bd66c","Resposta a carga com controle de eversão","needs_review","","","",""
"yt-005","3vl3D0tk1tQ","bcf67999-ce05-4e6a-aebe-750d618ead5a","Controle motor - mobilidade e estabilidade","needs_review","","","",""
"yt-006","6fQwWnHMAoI","75cf318a-071a-47fe-8ba9-2ff21c68dcf2","Extensão de Quadril em Diagonal Miniband","needs_review","","","",""
"yt-006","6fQwWnHMAoI","eef9a08b-8ea3-45d9-ae15-dace11048bf9","Propulsão Diagonal com mini band","needs_review","","","",""
"yt-007","7aPyhrhTJ8k","3f5cdf00-8599-4997-a1b7-56056b335b67","Salto horizontal c/ contramovimento ( plio )","needs_review","","","",""
"yt-007","7aPyhrhTJ8k","62bea1e0-2f07-45a6-9243-85b528adba73","Saltos Horizontais Continuos","needs_review","","","",""
"yt-008","7EtpXXdxPMc","08df4e08-7871-4212-aaa8-b9dc2807e2dd","Pallof press na polia","needs_review","","","",""
"yt-008","7EtpXXdxPMc","6073ee7c-1c0a-43b5-a70f-c13ddd0f1eca","Pallof press com passada","needs_review","","","",""
"yt-008","7EtpXXdxPMc","aa122a11-23c8-4ce3-819e-479676a85f86","Pallof press isométrico","needs_review","","","",""
"yt-008","7EtpXXdxPMc","acd1e2e2-39a0-4f00-bad8-c6cb8e674264","Abdominal Anti Rotação Polia","needs_review","","","",""
"yt-009","89J3D_XDa3A","5a700771-7bf1-4c3e-8397-072a0aa98c75","Elevação Lateral Polia","needs_review","","","",""
"yt-009","89J3D_XDa3A","7b06658f-12bb-4cd4-b749-ac2c38c5dfc9","Elevação Lateral Máquina","needs_review","","","",""
"yt-009","89J3D_XDa3A","990793df-0bdf-4afa-8b70-65117c9a5a2a","Elevação Lateral Cruzada Polia","needs_review","","","",""
"yt-010","8hmYxGeYb8I","9b2b10ed-6a6c-4e43-b17d-d603b7627e2b","Remada Curvada Halteres Pronada","needs_review","","","",""
"yt-010","8hmYxGeYb8I","ec464c13-8653-4ec4-83b6-0f4ac5855c4a","Remada Curvada Halteres Neutra","needs_review","","","",""
"yt-011","9EYiA8gbnRA","2b6e19be-6b4d-44d6-af4b-04f7a09bef60","Abdominal Infra Solo","needs_review","","","",""
"yt-011","9EYiA8gbnRA","93609dd6-479d-42f1-b927-72b3511f161b","Abdominal Infra Máquina","needs_review","","","",""
"yt-012","a8Pi1R6UFls","196b92b9-5c58-4409-b17f-2254d72b33ab","Flexão de Quadril em ponte ( core )","needs_review","","","",""
"yt-012","a8Pi1R6UFls","9c9491ac-77e1-4d82-801c-df380fb098e3","Lift com anilha em Base Afundo Isométrico","needs_review","","","",""
"yt-013","BH5toeuGdfQ","251d1f5f-6983-4a47-9935-f7fe71874bb5","McGill curl-up","needs_review","","","",""
"yt-013","BH5toeuGdfQ","9996cc9b-38ef-4cba-8670-cea497502b0b","Fisio Lombar: McGill curl-up","needs_review","","","",""
"yt-014","DFXtzdXN_iY","e1000001-0000-0000-0000-000000000015","Desenvolvimento com Halteres","needs_review","","","",""
"yt-014","DFXtzdXN_iY","e9356e80-6f25-4ac7-bce7-afc652825220","Desenvolvimento Halteres em Pé","needs_review","","","",""
"yt-015","EgtUbeC0qbw","124415c1-13d6-4df1-a464-96a66467db66","Elevação Frontal Neutra Alternada Em Pé","needs_review","","","",""
"yt-015","EgtUbeC0qbw","cfb03da0-4462-422e-ad32-3f4abdbc29e8","Elevação Frontal Neutra para Pronada Alternada em pé","needs_review","","","",""
"yt-016","F_EkPpuJV4k","2d0b1d00-37fc-4deb-9687-3250edeeb87c","Rosca Banco 45 Neutra","needs_review","","","",""
"yt-016","F_EkPpuJV4k","867a6df5-d665-43ac-b297-d46c2b667741","Rosca Banco 45","needs_review","","","",""
"yt-017","f1226_qU9aU","a0c39fee-d2eb-468e-8bd1-2efb7f8ab33f","Stiff com Halteres","needs_review","","","",""
"yt-017","f1226_qU9aU","dc207ca2-b186-4220-b154-63c08c53ea66","Stiff Halteres","needs_review","","","",""
"yt-018","gaBnbo6O3bg","22b81e41-787c-467f-9cdf-73a3c26da25e","Flexão Aberta Smith","needs_review","","","",""
"yt-018","gaBnbo6O3bg","277c2674-93e2-4aac-aa67-1c8ee82d0c55","Flexão Aberta","needs_review","","","",""
"yt-019","GK7aZGipTj0","3da3626b-01f8-4fcd-bc73-281255db1d62","RDL B-Stance Barra","needs_review","","","",""
"yt-019","GK7aZGipTj0","af71347e-48d2-40df-83b4-d77c4dd21ea7","Stiff B-Stance Barra","needs_review","","","",""
"yt-020","goprHr4m6uk","0bc88428-34f7-48c8-ac8e-ed3d235b109a","Manguito Externo","needs_review","","","",""
"yt-020","goprHr4m6uk","fb2ba2b0-82b0-4c48-a8c6-f736ccadcec1","Manguito Externo em Diagonal","needs_review","","","",""
"yt-021","gpXV2dzZ-oA","4370ac29-8751-4de9-8765-d2c467c57353","Depth jump com rebote imediato","needs_review","","","",""
"yt-021","gpXV2dzZ-oA","fdbbc862-e887-404f-ab17-ffd7301cf713","Drop Jump Bilateral ( plio )","needs_review","","","",""
"yt-022","H_KrN4-AFFg","63374ce3-a255-4e87-9c76-2e23cd15a4ec","Biset Cross Over + Supino Inclinado Neutro Banco 45","needs_review","","","",""
"yt-022","H_KrN4-AFFg","826d88a4-7f2f-45bd-927f-5e5cc5910626","Biset Cross Over + Supino Inclinado Banco 45","needs_review","","","",""
"yt-022","H_KrN4-AFFg","e28e4c41-5215-4cd6-b642-4322656f228d","Supino Inclinado Cross Over Banco 45","needs_review","","","",""
"yt-023","h7HR4Bpc2_k","2b64e2db-f402-4b68-ba0b-94182de8dea0","Mobilidade de tornozelo na parede (knee-to-wall)","needs_review","","","",""
"yt-023","h7HR4Bpc2_k","3f384f30-1259-4e27-a7bf-70889243ac41","Mobilidade de Tornozelo","needs_review","","","",""
"yt-023","h7HR4Bpc2_k","faa1019a-2bd5-411b-853a-e8ed2e49e996","Wall ankling (tornozelo na parede)","needs_review","","","",""
"yt-024","hfhEieRoWfo","1829097c-7ad7-40e0-840b-0fc087e79d0f","Remada com Peito no Banco Pronada","needs_review","","","",""
"yt-024","hfhEieRoWfo","199cac35-bfc9-4575-86b9-39b128337fa5","Remada Cavalinho Unilateral Neutra","needs_review","","","",""
"yt-024","hfhEieRoWfo","1d5b69b5-9253-4a9f-b7cb-01703845ed08","Remada T Neutra","needs_review","","","",""
"yt-024","hfhEieRoWfo","247a67e1-3dd4-45a3-9cf2-c423c37cf419","Remada Supinada Unilateral Máquina","needs_review","","","",""
"yt-024","hfhEieRoWfo","ecb7437e-a486-4e23-a816-43f948b5e5c8","Remada Cavalinho Unilateral Pronada","needs_review","","","",""
"yt-024","hfhEieRoWfo","f0705159-aa86-407c-a27e-170374012831","Remada Cavalinho Máquina Neutra","needs_review","","","",""
"yt-025","i_0zLUcE-zk","1f396e9a-d008-4d23-9149-2d9edd8688d5","Wall slides (deslizar na parede)","needs_review","","","",""
"yt-025","i_0zLUcE-zk","95b1b5b6-7465-441a-91d4-dd70d4a38f85","Fisio Ombro: deslizamento na parede (wall slide)","needs_review","","","",""
"yt-026","iGLzCCZr_Xw","3e192862-ed2e-4063-b6f9-13b433844cf8","Agachamento Livre","needs_review","","","",""
"yt-026","iGLzCCZr_Xw","4bf7d5d1-9cd1-473a-9c48-5969aa7edec9","Agachamento Livre ( backsquat )","needs_review","","","",""
"yt-027","jtlT3l7jD1M","6950cec4-2d21-40e1-992c-0e0a11ba5d38","Agachamento Cálice Banco","needs_review","","","",""
"yt-027","jtlT3l7jD1M","7a8976b1-789e-4ea7-b499-8b81ece87d25","Agachamento Cálice","needs_review","","","",""
"yt-028","Jxe92fZtlhI","706142ca-78f8-4591-acc0-7b4018432b14","Mobilidade de quadril 3","needs_review","","","",""
"yt-028","Jxe92fZtlhI","c62336c5-77b2-4876-884f-707b090f6932","Mobilidade de Quadril ( sagital )","needs_review","","","",""
"yt-029","kamdxk0L4Yw","b460198a-a5ca-4482-8df1-6c26220c8566","Fisio Ombro: face pull","needs_review","","","",""
"yt-029","kamdxk0L4Yw","c36dcbec-494a-4240-bbb3-c8098ae7902e","Face Pull Polia Alta","needs_review","","","",""
"yt-030","kxNWEIiA7j8","54d5d585-9b45-4ece-ae2f-9acfed397591","Stiff Uni com anilha + knee drive (controle motor)","needs_review","","","",""
"yt-030","kxNWEIiA7j8","bbee5a76-b377-455f-9418-605e0de57e74","Stiff Uni Explosivo (controle motor)","needs_review","","","",""
"yt-031","lm4SGxjUbUE","4b47b4ab-0617-4698-acac-14469bd12fb0","DB Snatch (saída de Afundo)","needs_review","","","",""
"yt-031","lm4SGxjUbUE","a2d29137-32db-4153-93c2-eb6103c00ac9","Afundo + DB Snatch","needs_review","","","",""
"yt-032","M59l7eFZ0S4","5f51a4d4-44ee-45e1-89ac-ef44712b0c1e","RDL Unilateral","needs_review","","","",""
"yt-032","M59l7eFZ0S4","ad2c7265-abc6-44f1-9fb6-d1dd2db714bf","RDL Unilateral com Miniband","needs_review","","","",""
"yt-033","mik90mAS6fU","8c85efc1-f782-4a92-87bb-64efce180b40","Fisio Joelho: Spanish squat isométrico (banda)","needs_review","","","",""
"yt-033","mik90mAS6fU","f3ba0904-10e6-4c06-8e5a-32691e8c52c1","Fisio Tendão patelar: isométrico Spanish squat (45s)","needs_review","","","",""
"yt-034","MscK5EhfwLE","134d2973-68a1-4a41-99a1-5887538cb220","Prancha na Bola Mexendo Caldeirão","needs_review","","","",""
"yt-034","MscK5EhfwLE","e8e07b80-c7bc-455f-b053-a9391e5ec052","Prancha Bola","needs_review","","","",""
"yt-035","MVP5ItqXNYs","5f47cbe1-d1d6-4718-b2ab-938178db7758","Extensão de Quadril Cruzada Polia","needs_review","","","",""
"yt-035","MVP5ItqXNYs","c0aa51e9-82b6-40f0-af1f-cf32be16c1da","Abdução de Quadril Cruzada Polia","needs_review","","","",""
"yt-036","nEXRxKJYruo","3b94a40d-82de-4b73-8758-d7b722a9e771","Recuo Smith com Step na Frente","needs_review","","","",""
"yt-036","nEXRxKJYruo","9898104c-2955-45b1-a364-661ee61c444d","Afundo Smith com Step na Frente","needs_review","","","",""
"yt-037","Nf9O-pEl1ok","2345fdf0-2bb7-49c0-839d-1d1bfd3024f8","Levantamento Terra","needs_review","","","",""
"yt-037","Nf9O-pEl1ok","f0cf83a8-0bf6-4e3f-aa65-fb7fb7b81aee","Levantamento terra","needs_review","","","",""
"yt-038","nUlG__NTuxQ","48a26c01-b995-437a-9c6c-1a8fc1d6cc9e","Afundo (peso corporal)","needs_review","","","",""
"yt-038","nUlG__NTuxQ","4c7c6ea2-a4b4-452f-9969-58c60221f0a1","Drop Jump Squat","needs_review","","","",""
"yt-038","nUlG__NTuxQ","5186ef9c-b985-415e-b303-3e4539a94a8a","Shoulder press uni em base afundo","needs_review","","","",""
"yt-038","nUlG__NTuxQ","7bd6ccb0-1a4c-42c5-b7b2-6687526f81b2","Avanço com Barra Reta ( afundo )","needs_review","","","",""
"yt-038","nUlG__NTuxQ","83a07881-8a15-452c-80ff-6a622ca72723","Recuo com Halteres ( afundo )","needs_review","","","",""
"yt-038","nUlG__NTuxQ","8ca3b7f7-6c36-4b2d-9468-1127f7b12841","Passada com Barra Reta ( afundo)","needs_review","","","",""
"yt-039","nVeLQ_rqs0U","a54aad3c-6b05-4b45-af11-b2afb995fede","Fisio Tendão de Aquiles: isométrico em ponta de pé","needs_review","","","",""
"yt-039","nVeLQ_rqs0U","bf77c22c-f2d8-4ceb-b5ac-6e1a239218cc","Fisio Tendão de Aquiles: HSR panturrilha lenta","needs_review","","","",""
"yt-040","or4nTs2_FLY","123d1913-6722-412a-9644-98fe62ca2129","Prancha de Copenhagen Flexionada","needs_review","","","",""
"yt-040","or4nTs2_FLY","91084dd1-b0b2-48f7-8365-0bab87218fa6","Prancha de Copenhagen","needs_review","","","",""
"yt-041","pdMWt71MPlw","8f5a324b-b573-4b6b-87f6-49461b8cdbce","Cross Over Medial Banco 90","needs_review","","","",""
"yt-041","pdMWt71MPlw","b10456d7-2463-41ee-9087-f7cf42006a00","Cross Over Polia Alta 3 Porções","needs_review","","","",""
"yt-041","pdMWt71MPlw","ea93a5a1-a755-4c12-8b5e-33a4741a7593","Cross Over Supinado","needs_review","","","",""
"yt-042","pNcsDruTiS4","085d0cbf-6038-42ef-92b4-f906843c667b","Remada Cavalinho Pronada","needs_review","","","",""
"yt-042","pNcsDruTiS4","ed6127ab-bec4-46e3-86ff-749e9391d515","Remada cavalinho","needs_review","","","",""
"yt-043","pRzxpe5_LLk","68435077-73bf-4ad9-9f10-1cf1f7fe35b8","Flexão de braço","needs_review","","","",""
"yt-043","pRzxpe5_LLk","96181757-fb88-4bf0-b8fc-8e90cf643d07","Flexões excêntricas (apoio)","needs_review","","","",""
"yt-044","pWGhRO5grqs","4145eb23-d052-43f3-a187-e0775d415ba2","Prancha lateral + Ostrinha","needs_review","","","",""
"yt-044","pWGhRO5grqs","44f1aea6-0474-49fb-ad57-2092f121036f","Prancha Lateral","needs_review","","","",""
"yt-044","pWGhRO5grqs","6b73310b-e91c-470f-90a7-dd5c54a477cb","Abdução Uni em Prancha lateral","needs_review","","","",""
"yt-044","pWGhRO5grqs","9424dd73-f3ed-4a0f-a2c3-dc3a0d296898","Prancha Lateral com Rotação Externa Elastico","needs_review","","","",""
"yt-044","pWGhRO5grqs","953eaf1d-1b3f-460e-b1fa-47ed3e90f0f0","Prancha Lateral em Abdução com Mini band + Crucifixo Unilateral","needs_review","","","",""
"yt-044","pWGhRO5grqs","973b1aee-c058-4635-a8bd-f74740c55c13","Prancha lateral","needs_review","","","",""
"yt-044","pWGhRO5grqs","b5c3cb75-ece8-4bec-a95e-b5ffce956cae","Fisio Lombar: prancha lateral","needs_review","","","",""
"yt-044","pWGhRO5grqs","cbede972-bc03-4bbb-b665-6ae95e0c0016","Prancha Lateral + Abdução Isométrica","needs_review","","","",""
"yt-044","pWGhRO5grqs","e439f3e2-3bc0-4e34-abb3-d225bab8d710","Crucifixo Unilateral em Prancha Lateral em Abdução","needs_review","","","",""
"yt-045","QrQYnMJTqRQ","8fb786df-8ccc-4223-bbea-5fec0fb06c49","Remada Curvada Pronada Barra","needs_review","","","",""
"yt-045","QrQYnMJTqRQ","90a3c261-85ad-46f5-9449-b4fd542a109e","Remada Curvada Pronada Barra com Rotação","needs_review","","","",""
"yt-046","re-ILvqD1RE","3cc40978-bc88-4d1c-88b4-670d761db741","Tríceps Polia Corda","needs_review","","","",""
"yt-046","re-ILvqD1RE","819d50d1-34ac-418b-a989-f71937578072","Tríceps Testa Polia Corda","needs_review","","","",""
"yt-046","re-ILvqD1RE","b5b7247a-e72d-4010-aec7-b0f21a8e5fa1","Biset Tríceps Polia + Inverso Polia Barra","needs_review","","","",""
"yt-046","re-ILvqD1RE","c4cd4956-93f0-4170-a2c9-753e459a7a80","Tríceps Testa Polia Barra","needs_review","","","",""
"yt-047","rEsnCJlHaN0","39cd91ca-af97-43a3-85ad-25d47721db10","Terra sumô","needs_review","","","",""
"yt-047","rEsnCJlHaN0","45912e02-399e-4442-8b13-365e834fab4b","Levantamento Terra Sumô","needs_review","","","",""
"yt-048","rmpVSw6wa5E","107cb28d-341d-4245-9bff-e687398d7c88","SL 2DB Box Clean","needs_review","","","",""
"yt-048","rmpVSw6wa5E","f347f55d-f778-480c-afc8-106198022b6d","SL DB Box Clean","needs_review","","","",""
"yt-049","tEkuKg62fhM","0b7f58e5-53ec-4b4d-9e15-11d7ca9d006c","Mobilidade de tornozelo/quadril","needs_review","","","",""
"yt-049","tEkuKg62fhM","957ea2e1-954d-4af7-8c95-8e08c43217e6","Mobilidade de Quadril e Tornozelo com Alongamento","needs_review","","","",""
"yt-050","ToE6yT5pHZ0","714ca533-7eee-4121-bc44-d76ecd2b9863","Pré Plio Unilateral","needs_review","","","",""
"yt-050","ToE6yT5pHZ0","94f78ab8-d580-4ce0-8392-d8ac0fc141b0","Glúteo Polia Alta","needs_review","","","",""
"yt-051","u_lE_VMnYfU","4bbcaec9-1ed8-4365-8573-1894c5e2cec4","Wall drive com banda no quadril","needs_review","","","",""
"yt-051","u_lE_VMnYfU","6dac4ab0-d5af-42ec-9dec-ea954a0387c1","Wall drive contínuo (rápido)","needs_review","","","",""
"yt-051","u_lE_VMnYfU","c2d07de8-c924-44d1-94b4-7338d2a5c4f4","Wall drive marcha (1 troca)","needs_review","","","",""
"yt-051","u_lE_VMnYfU","c93f9ae2-eca7-4cde-a34a-c4bed7f95087","Wall drive duplo (2 trocas)","needs_review","","","",""
"yt-052","U9y14C-iw1U","a23acdcd-c4b6-4678-a2c5-6f41dd3640ee","Drop jump bilateral + estab. uni","needs_review","","","",""
"yt-052","U9y14C-iw1U","e03a9284-f027-413c-a79f-32a2534581fc","Drop Jump Horizontal Bilateral","needs_review","","","",""
"yt-053","uQfzuKBMJeE","399b6084-25de-43ca-827c-20d746c0dbe0","Dead bug de ativação","needs_review","","","",""
"yt-053","uQfzuKBMJeE","4c1d784b-f68b-4eb3-b6b8-962733b0d4a8","Dead bug","needs_review","","","",""
"yt-053","uQfzuKBMJeE","cba7692e-3f67-4212-95f7-96bfcbe3753d","Dead bug","needs_review","","","",""
"yt-054","uUQKLqKMJSU","8296368d-a47e-427f-b138-6bf9340e5914","Prancha frontal","needs_review","","","",""
"yt-054","uUQKLqKMJSU","e5ffe3e1-2757-4ed7-ba87-a745d9a96c5d","Prancha Frontal","needs_review","","","",""
"yt-055","v-bItsW7fUI","d0c93be9-6ee3-420e-a34e-10ffe077d9f2","Agachamento Búlgaro com Step","needs_review","","","",""
"yt-055","v-bItsW7fUI","d5685718-8c7f-4230-83e2-6585e687924a","Búlgaro Variação 1","needs_review","","","",""
"yt-055","v-bItsW7fUI","e9d6bfd4-2980-45b9-beac-855bb6be8c0b","Agachamento Búlgaro Inclinado","needs_review","","","",""
"yt-056","VakpIeaaeXA","0d3eb594-ecb2-43e7-b70d-a8b272db3a42","Tríceps Testa Halteres Banco 45","needs_review","","","",""
"yt-056","VakpIeaaeXA","883f77a1-c25f-4626-aed5-9d18c8955508","Tríceps Testa Halteres Banco Reto","needs_review","","","",""
"yt-057","Vjtn6n_-sXo","10bc07ad-3778-4967-9c7f-e9eff2993ccf","Stiff com Barra Reta ( Romanian Deadlift )","needs_review","","","",""
"yt-057","Vjtn6n_-sXo","490b2080-ea0b-40bf-85bc-8613544d4140","Stiff","needs_review","","","",""
"yt-057","Vjtn6n_-sXo","e07a88c2-da55-42e7-935a-1b53261381c6","Stiff Barra","needs_review","","","",""
"yt-058","vtY9T1-j26Q","b431d92e-8371-43bc-b580-cf9572493f8a","Good morning","needs_review","","","",""
"yt-058","vtY9T1-j26Q","c916c624-2e7c-40b2-8195-4e5f8a4f2c3c","Bom dia","needs_review","","","",""
"yt-059","W54zDLDAUbQ","606fe07b-7696-428d-91b3-012863ca5554","Desenvolvimento Arnold em Pé","needs_review","","","",""
"yt-059","W54zDLDAUbQ","92da4db7-ec84-4aca-a2e5-432b4b204b3f","Rosca Arnold","needs_review","","","",""
"yt-060","WesVSdTPAAU","9838c0b0-1c55-4b7a-a4fe-241a1ad92422","Pulldown Aberto","needs_review","","","",""
"yt-060","WesVSdTPAAU","c85e058a-1e62-48e8-8e27-7bc988b82800","Pulldown","needs_review","","","",""
"yt-061","wo84GQdFvg4","658aa167-54ef-4662-bc7f-7883b7175af8","Recuo com Barra Reta ( afundo )","needs_review","","","",""
"yt-061","wo84GQdFvg4","7aebe25d-69d6-49b1-93f0-1f287fcfc15e","Afundo + joelho elevado","needs_review","","","",""
"yt-061","wo84GQdFvg4","97b12dd1-8de7-4b1a-909e-36ed4653528b","Split jump (afundo saltado)","needs_review","","","",""
"yt-061","wo84GQdFvg4","a720a814-089c-407e-9cda-b434a10ead49","Afundo pliométrico","needs_review","","","",""
"yt-061","wo84GQdFvg4","b875b1fa-e185-49f9-8ed8-4e998ba72b11","Afundo + panturrilha inclinada","needs_review","","","",""
"yt-062","Xi5voej2oa4","3b990b66-f39e-4954-8d21-0b644fd67bb9","Elevação Frontal Neutra Sentado","needs_review","","","",""
"yt-062","Xi5voej2oa4","e19e6c38-e490-464b-9e87-c6b3b37bc02c","Elevação Frontal Neutra para pronada sentado","needs_review","","","",""
"yt-062","Xi5voej2oa4","f42f0dfc-d75e-475f-bacb-ec5f05b321d5","Elevação Frontal Neutra Alternada Sentado","needs_review","","","",""
"yt-063","xJMpEiZ5q6c","a8e8cde0-087a-412f-acf9-652f53cfff84","Mobilidade quadril 90-90","needs_review","","","",""
"yt-063","xJMpEiZ5q6c","edca7177-f6c5-4906-8e21-8ba3d1c84eae","Mobilidade 90/90","needs_review","","","",""
"yt-064","YAyZS888Ugo","492b16f9-0ca8-4d87-a233-20a106b4a532","Bird dog","needs_review","","","",""
"yt-064","YAyZS888Ugo","99ec0aac-513c-46ce-b780-68183bc8cdbd","Bird dog","needs_review","","","",""
"yt-065","yC3Vpiv9InY","0a379d97-b76e-45f9-99b9-7fe1ad2298d6","Wall Drill Propulsão Diagonal","needs_review","","","",""
"yt-065","yC3Vpiv9InY","af1cab29-e1e0-4e01-81d1-66db789c39ec","Wall sprint march com banda","needs_review","","","",""
"yt-066","YRw32M0yjIk","1a753479-4b74-43b2-8e75-1a9ace6d4b35","Biset Cadeira Abdutora 45 + 90","needs_review","","","",""
"yt-066","YRw32M0yjIk","4da66eac-c9b9-4f03-bc6f-a69da1eba99f","Cadeira Abdutora 45","needs_review","","","",""
"yt-067","YtuQxUdulcg","24b1e69b-e3d3-45c1-8fd2-55356f6e87e9","Pistol squat","needs_review","","","",""
"yt-067","YtuQxUdulcg","26f53a45-0947-40a6-a2b5-5c7fd7fe3b5c","Pistol squat assistido","needs_review","","","",""
"yt-068","Z-MxAzTXBcM","1f9c9f42-ac95-4fee-9925-086f390c9ec8","Pliometria Plano Frontal Elevação","needs_review","","","",""
"yt-068","Z-MxAzTXBcM","c5e71701-baac-4c7a-926c-a5215c36938a","Panturrilha com controle de Inversão","needs_review","","","",""
"yt-069","z5j5hHsEcqU","03a0f23f-cab8-41ad-9c51-5b5f928ec103","Box jump","needs_review","","","",""
"yt-069","z5j5hHsEcqU","20c16979-e09d-4122-a3b5-0b6876dfe77a","Box jump com aterrissagem suave","needs_review","","","",""
"yt-069","z5j5hHsEcqU","ebfc7276-35e4-4b9f-b030-05a170d6fcef","Box Jump Uni","needs_review","","","",""
"yt-070","ZgZ60GyYo34","8f4d5caa-48e0-4974-99c9-91600a9c704c","Salto Barra Hexagonal Contínuo ( pré plio )","needs_review","","","",""
"yt-070","ZgZ60GyYo34","9d3992cd-2ed4-4ace-a7b7-242d3a6fcc2b","Salto barra Hexagonal c/ contramovimento ( pré plio )","needs_review","","","",""
"yt-070","ZgZ60GyYo34","f18ce369-a648-4f14-a9c9-b0ed18e75cd7","Salto com Barra Hexagonal S/ contramovimento ( pré plio )","needs_review","","","",""
"yt-071","ZM5qDjtxlm0","2f55744f-a768-4738-b6fd-665d3723123c","Mobilidade rot quadril ext int","needs_review","","","",""
"yt-071","ZM5qDjtxlm0","7be698a4-1cac-468e-bfc0-ba79189768f9","Mobilidade 90-90 Rot. interna","needs_review","","","",""
"yt-071","ZM5qDjtxlm0","affde76f-d5b2-42d3-97bd-188e630d1127","Mobilidade de Quadril Rotação Interna Deitado","needs_review","","","",""
"yt-072","ZpIMkV6cf7c","7fa7c63d-5642-4d41-acd3-f3e468e53370","Agachamento búlgaro","needs_review","","","",""
"yt-072","ZpIMkV6cf7c","c452607e-7dff-463d-adb2-a712059a8d26","Agachamento Búlgaro","needs_review","","","",""
